Wall time,Step,Value
1781071088.8034277,25000,957.5999755859375
1781071104.488567,50000,638.4000244140625
1781071118.8073597,75000,614.0
1781071134.5614924,100000,1063.199951171875
1781071183.9950464,125000,762.0
1781071236.1087837,150000,923.2000122070312
1781071288.2139876,175000,785.4000244140625
1781071340.7131848,200000,859.0
1781071386.3885765,225000,996.0
1781071427.911167,250000,1122.199951171875
1781071474.076025,275000,1030.5999755859375
1781071529.9622462,300000,939.2000122070312
1781071587.6873465,325000,1516.0
1781071644.9259217,350000,1416.199951171875
1781071685.9533331,375000,1594.4000244140625
1781071730.4184508,400000,1230.0
1781071788.5709136,425000,1479.0
1781071846.2880318,450000,1629.800048828125
1781071904.1690392,475000,1791.199951171875
1781071960.1178184,500000,2046.0
1781072015.7056773,525000,1490.199951171875
1781072072.6895056,550000,1767.5999755859375
1781072130.519245,575000,2250.39990234375
1781072190.9326224,600000,1793.199951171875
1781072252.003952,625000,2530.800048828125
1781072313.881706,650000,2212.199951171875
1781072376.9231026,675000,2967.60009765625
1781072440.249329,700000,2396.0
1781072501.675028,725000,3018.800048828125
1781072550.2732027,750000,3049.199951171875
1781072603.751351,775000,2960.39990234375
1781072658.4800632,800000,4029.60009765625
1781072712.1738293,825000,3341.800048828125
1781072780.0111475,850000,4589.39990234375
1781072853.2223456,875000,4539.39990234375
1781072924.7885675,900000,4519.39990234375
1781073000.9716723,925000,4950.0
1781073080.32569,950000,5600.2001953125
1781073154.8942645,975000,5326.2001953125
1781073233.5286946,1000000,5909.0
1781073311.1379557,1025000,5672.2001953125
1781073389.4340649,1050000,5841.2001953125
1781073467.7738528,1075000,4694.39990234375
1781073553.0431466,1100000,6744.7998046875
1781073628.7628355,1125000,5423.2001953125
1781073701.333504,1150000,4061.800048828125
1781073784.5068915,1175000,5527.7998046875
1781073857.8154962,1200000,4897.0
1781073930.9626145,1225000,5785.2001953125
1781074007.99347,1250000,5614.60009765625
1781074087.0885987,1275000,6027.7998046875
1781074163.790386,1300000,5495.7998046875
1781074241.8356156,1325000,5725.7998046875
1781074317.6417246,1350000,4762.39990234375
1781074394.7059834,1375000,5204.2001953125
1781074466.6911538,1400000,5471.2001953125
1781074543.9054623,1425000,5659.0
1781074621.8663664,1450000,5289.60009765625
1781074692.3250432,1475000,6203.60009765625
1781074763.7355661,1500000,5254.7998046875
1781074843.4676347,1525000,6021.60009765625
1781074919.745334,1550000,5222.7998046875
1781074998.7077916,1575000,4949.60009765625
1781075072.5861442,1600000,5515.39990234375
1781075149.930088,1625000,5830.60009765625
1781075229.2490964,1650000,6394.60009765625
1781075301.0433257,1675000,5993.39990234375
1781075378.1687229,1700000,5347.60009765625
1781075451.942927,1725000,4154.7998046875
1781075526.267014,1750000,5651.2001953125
1781075610.3065758,1775000,5928.7998046875
1781075696.9357705,1800000,6801.2001953125
1781075777.9558792,1825000,4976.0
1781075861.4235296,1850000,5897.60009765625
1781075945.1358948,1875000,5911.2001953125
1781076027.858978,1900000,5732.39990234375
1781076100.398012,1925000,5364.0
1781076163.0238914,1950000,5958.39990234375
1781076242.617498,1975000,6251.60009765625
1781076322.5614378,2000000,6438.0
1781076400.4138978,2025000,5524.60009765625
1781076478.7669206,2050000,6042.39990234375
1781076545.7998455,2075000,7213.0
1781076617.7636008,2100000,6187.39990234375
1781076703.1646354,2125000,6166.0
1781076790.531768,2150000,7148.0
1781076875.2283974,2175000,5851.7998046875
1781076958.2846944,2200000,4556.39990234375
1781077043.2945337,2225000,5854.0
1781077129.1320736,2250000,6204.60009765625
1781077209.1083105,2275000,6310.2001953125
1781077280.564578,2300000,6130.39990234375
1781077351.0631607,2325000,6047.7998046875
1781077430.1651516,2350000,6587.60009765625
1781077507.491816,2375000,5795.7998046875
1781077586.7270658,2400000,6351.7998046875
1781077664.3257263,2425000,5819.2001953125
1781077746.5107024,2450000,6903.60009765625
1781077824.564232,2475000,6123.2001953125
1781077906.2601843,2500000,7058.0
1781077983.4885125,2525000,5771.2001953125
1781078060.319696,2550000,5659.0
1781078139.986705,2575000,6603.7998046875
1781078215.187704,2600000,4478.0
1781078278.3748693,2625000,6368.7998046875
1781078334.9649732,2650000,4640.60009765625
1781078399.7478771,2675000,6954.2001953125
1781078478.049181,2700000,4561.0
1781078563.7741063,2725000,5982.7998046875
1781078649.1731908,2750000,6160.7998046875
1781078737.7237103,2775000,7060.60009765625
1781078825.9698207,2800000,5981.60009765625
1781078909.93546,2825000,5058.2001953125
1781078985.1916616,2850000,5167.0
1781079048.652623,2875000,6715.0
1781079110.9828527,2900000,6036.7998046875
1781079185.673287,2925000,6101.39990234375
1781079253.1838493,2950000,6741.60009765625
1781079334.8283484,2975000,6584.0
1781079420.37132,3000000,6973.2001953125
1781079501.48291,3025000,5236.39990234375
1781079586.8945105,3050000,6303.2001953125
1781079669.678941,3075000,5701.0
1781079753.7972503,3100000,6039.39990234375
1781079837.638053,3125000,5782.7998046875
1781079933.2815182,3150000,10660.7998046875
1781080015.3073971,3175000,5530.0
1781080097.7951307,3200000,5775.7998046875
1781080177.5050075,3225000,5848.39990234375
1781080246.1130679,3250000,7134.2001953125
1781080325.1041722,3275000,6391.60009765625
1781080406.7597766,3300000,5541.2001953125
1781080492.3596792,3325000,6752.0
1781080576.7121649,3350000,6386.39990234375
1781080662.539412,3375000,6543.39990234375
1781080738.128913,3400000,5937.2001953125
1781080799.2270882,3425000,6279.2001953125
1781080880.0371158,3450000,7075.60009765625
1781080957.584182,3475000,6198.2001953125
1781081036.6903954,3500000,6276.7998046875
1781081117.9253402,3525000,7393.0
1781081198.347826,3550000,7107.0
1781081277.9128554,3575000,6967.0
1781081356.358725,3600000,6554.2001953125
1781081432.5467927,3625000,5812.2001953125
1781081511.7749093,3650000,6758.39990234375
1781081589.8581157,3675000,6065.7998046875
1781081670.088743,3700000,7237.60009765625
1781081749.0115323,3725000,7211.39990234375
1781081826.9948676,3750000,6529.39990234375
1781081905.6573942,3775000,7219.60009765625
1781081983.506646,3800000,5829.60009765625
1781082066.346242,3825000,6368.2001953125
1781082148.468364,3850000,5609.7998046875
1781082228.5087793,3875000,5240.2001953125
1781082311.418228,3900000,6294.0
1781082396.3379047,3925000,6066.7998046875
1781082478.8214436,3950000,6079.39990234375
1781082561.4947681,3975000,6192.2001953125
1781082645.0672798,4000000,6064.60009765625
1781082725.5305982,4025000,5194.7998046875
1781082806.9443707,4050000,5248.60009765625
1781082889.280763,4075000,6050.60009765625
1781082972.9208155,4100000,6159.60009765625
1781083056.3682015,4125000,6662.39990234375
1781083138.0932746,4150000,5990.0
1781083214.516587,4175000,3394.800048828125
1781083293.956115,4200000,5190.2001953125
1781083376.2327461,4225000,5626.60009765625
1781083455.8442104,4250000,5181.39990234375
1781083517.76627,4275000,6824.7998046875
1781083592.8019981,4300000,6001.60009765625
1781083672.668389,4325000,6731.60009765625
1781083751.836318,4350000,6262.0
1781083817.5850124,4375000,6233.39990234375
1781083892.5698018,4400000,6095.7998046875
1781083959.5724773,4425000,6523.60009765625
1781084039.0591998,4450000,5754.60009765625
1781084122.079983,4475000,6269.39990234375
1781084206.386072,4500000,6618.0
1781084283.0342448,4525000,4848.39990234375
1781084363.2249315,4550000,5832.7998046875
1781084441.4914284,4575000,6158.0
1781084521.4324393,4600000,6356.7998046875
1781084604.748693,4625000,8704.2001953125
1781084682.2093713,4650000,6291.2001953125
1781084759.780444,4675000,5696.60009765625
1781084837.5521207,4700000,6060.39990234375
1781084916.0902803,4725000,6168.60009765625
1781084993.1185472,4750000,5414.0
1781085068.2247472,4775000,4861.60009765625
1781085144.606478,4800000,5673.0
1781085219.6499703,4825000,5388.2001953125
1781085296.8674297,4850000,5979.0
1781085372.1100245,4875000,4354.2001953125
1781085450.0941224,4900000,6583.0
1781085519.839167,4925000,7415.2001953125
1781085582.5111916,4950000,5441.2001953125
1781085659.951408,4975000,5749.60009765625
1781085737.8303146,5000000,5494.60009765625
1781085816.3808038,5025000,5768.0
1781085895.2597811,5050000,6333.39990234375
1781085962.5740535,5075000,6381.7998046875
1781086038.1086686,5100000,7242.39990234375
1781086120.7136796,5125000,6205.2001953125
1781086199.663459,5150000,6538.39990234375
1781086265.8853905,5175000,6057.60009765625
1781086333.5188062,5200000,4409.39990234375
1781086410.6527014,5225000,5624.7998046875
1781086487.7445848,5250000,6015.0
1781086566.2756586,5275000,6378.39990234375
1781086632.166535,5300000,6610.0
1781086696.3997707,5325000,4850.0
1781086780.008832,5350000,6262.7998046875
1781086864.3247378,5375000,6411.39990234375
1781086950.6388593,5400000,7000.7998046875
1781087033.4921093,5425000,6598.39990234375
1781087117.9304667,5450000,6816.2001953125
1781087199.417278,5475000,5934.0
1781087271.0855782,5500000,6311.39990234375
1781087351.7237957,5525000,6905.7998046875
1781087429.3219268,5550000,5619.2001953125
1781087510.9401162,5575000,7061.0
1781087572.3391678,5600000,5815.0
1781087657.715884,5625000,6807.2001953125
1781087743.8569252,5650000,6911.0
1781087824.819229,5675000,5427.2001953125
1781087906.2402422,5700000,5323.2001953125
1781087989.5004716,5725000,6163.0
1781088072.4814534,5750000,6869.39990234375
1781088133.581522,5775000,5207.0
1781088217.6799664,5800000,6289.0
1781088301.2848759,5825000,5987.0
1781088383.285021,5850000,7657.0
1781088440.87355,5875000,5300.7998046875
1781088521.8702703,5900000,7213.0
1781088600.4404628,5925000,6557.0
1781088679.2940621,5950000,6880.0
1781088760.27183,5975000,7218.2001953125
1781088838.7789924,6000000,6622.60009765625
1781088916.3376522,6025000,6323.7998046875
1781088983.779211,6050000,7517.2001953125
1781089038.6659353,6075000,1980.800048828125
1781089103.9122167,6100000,5911.60009765625
1781089167.601348,6125000,3428.800048828125
1781089248.4871893,6150000,6722.0
1781089327.8200972,6175000,6601.39990234375
1781089408.5635536,6200000,7429.60009765625
1781089484.0290294,6225000,5243.0
1781089563.2960448,6250000,6702.60009765625
1781089636.0389624,6275000,2976.800048828125
1781089715.1202657,6300000,6686.2001953125
1781089794.5352879,6325000,7082.0
1781089868.551302,6350000,5646.39990234375
1781089929.5664818,6375000,6777.0
1781090008.8919506,6400000,6306.39990234375
1781090084.7203426,6425000,5645.39990234375
1781090161.3867543,6450000,5544.2001953125
1781090224.2514594,6475000,6304.2001953125
1781090293.3976789,6500000,5969.39990234375
1781090370.5351014,6525000,5569.39990234375
1781090450.0961492,6550000,6404.2001953125
1781090527.5147586,6575000,5453.60009765625
1781090607.0720758,6600000,6549.2001953125
1781090685.7932594,6625000,6392.39990234375
1781090759.5503664,6650000,3620.800048828125
1781090836.9544468,6675000,5756.2001953125
1781090914.9317083,6700000,6373.2001953125
1781090994.8973224,6725000,7145.60009765625
1781091064.8592348,6750000,6542.2001953125
1781091124.380388,6775000,5905.60009765625
1781091187.4547052,6800000,6216.39990234375
1781091268.259307,6825000,6806.39990234375
1781091347.556024,6850000,6730.2001953125
1781091427.677317,6875000,6535.0
1781091506.470545,6900000,6847.39990234375
1781091584.4300568,6925000,6153.39990234375
1781091661.8689015,6950000,6193.39990234375
1781091743.3211286,6975000,6562.39990234375
1781091826.4311087,7000000,6571.39990234375
1781091901.2155426,7025000,10406.400390625
1781091972.6673658,7050000,7127.60009765625
1781092044.1722515,7075000,6179.7998046875
1781092125.0172167,7100000,6921.7998046875
1781092203.9393773,7125000,6819.60009765625
1781092281.8541691,7150000,5724.7998046875
1781092358.4554417,7175000,6267.2001953125
1781092437.5246453,7200000,6416.0
1781092519.0010512,7225000,6872.2001953125
1781092576.4493773,7250000,5710.60009765625
1781092645.1837192,7275000,5429.2001953125
1781092718.733196,7300000,5513.0
1781092800.8833644,7325000,5860.60009765625
1781092867.5863094,7350000,6638.60009765625
1781092938.8420014,7375000,6028.0
1781093018.1428304,7400000,5030.60009765625
1781093097.5725951,7425000,5568.2001953125
1781093173.713364,7450000,5263.7998046875
1781093252.9835277,7475000,6787.7998046875
1781093331.7171502,7500000,6677.60009765625
1781093409.1434896,7525000,6290.2001953125
1781093489.0100036,7550000,6234.2001953125
1781093566.5395439,7575000,6024.7998046875
1781093631.1089818,7600000,6480.39990234375
1781093698.2914412,7625000,6024.60009765625
1781093777.6203554,7650000,6907.7998046875
1781093857.0090756,7675000,6482.39990234375
1781093934.0444326,7700000,5691.60009765625
1781094014.1352813,7725000,7418.2001953125
1781094091.1884298,7750000,5481.2001953125
1781094170.0593982,7775000,6560.39990234375
1781094249.6272807,7800000,6332.0
1781094328.0935583,7825000,5971.0
1781094391.1604853,7850000,7401.39990234375
1781094472.3908603,7875000,5795.7998046875
1781094556.4271898,7900000,6254.2001953125
1781094642.8407125,7925000,7372.39990234375
1781094719.1890175,7950000,5130.0
1781094786.475358,7975000,6463.60009765625
1781094850.4411314,8000000,6710.7998046875
1781094928.8905141,8025000,5931.39990234375
1781095008.3550065,8050000,6846.2001953125
1781095088.372692,8075000,6551.39990234375
1781095166.7645059,8100000,6552.7998046875
1781095229.3779216,8125000,6637.2001953125
1781095320.29982,8150000,8868.7998046875
1781095407.6449986,8175000,7486.60009765625
1781095493.4776769,8200000,6632.0
1781095574.3546093,8225000,4937.60009765625
1781095656.2318857,8250000,5593.2001953125
1781095738.0856216,8275000,5727.2001953125
1781095821.3443582,8300000,6330.60009765625
1781095905.5845964,8325000,6110.7998046875
1781095990.96819,8350000,7290.39990234375
1781096077.2975335,8375000,7757.0
1781096160.174453,8400000,6157.7998046875
1781096229.8452268,8425000,6394.60009765625
1781096308.569032,8450000,6236.2001953125
1781096379.281454,8475000,7653.60009765625
1781096460.282535,8500000,5405.2001953125
1781096545.784439,8525000,7038.7998046875
1781096630.4135096,8550000,6593.7998046875
1781096712.5929086,8575000,5726.60009765625
1781096791.5430267,8600000,4334.2001953125
1781096873.5336235,8625000,5523.2001953125
1781096947.6937244,8650000,6228.60009765625
1781097026.1790113,8675000,7163.7998046875
1781097095.2941594,8700000,5673.39990234375
1781097156.7328856,8725000,5068.39990234375
1781097214.6662374,8750000,5977.2001953125
1781097277.3238835,8775000,6011.39990234375
1781097359.574498,8800000,6288.0
1781097421.0045204,8825000,6285.7998046875
1781097497.540566,8850000,6703.2001953125
1781097573.389243,8875000,6079.2001953125
1781097649.3901017,8900000,5141.0
1781097717.8614345,8925000,6423.60009765625
1781097793.1440413,8950000,6749.0
1781097857.9950383,8975000,4300.7998046875
1781097919.6515036,9000000,5419.2001953125
1781097976.7826047,9025000,5711.60009765625
1781098037.88054,9050000,5332.60009765625
1781098095.0598173,9075000,6226.0
1781098157.099248,9100000,8379.2001953125
1781098217.5815296,9125000,5882.7998046875
1781098284.2682137,9150000,1724.5999755859375
1781098360.4611318,9175000,5097.0
1781098418.3668664,9200000,6307.2001953125
1781098481.5866256,9225000,6587.7998046875
1781098544.4913242,9250000,5983.2001953125
1781098606.7983768,9275000,6238.60009765625
1781098665.450415,9300000,5450.60009765625
1781098727.1991498,9325000,6150.60009765625
1781098808.681745,9350000,6648.2001953125
1781098888.986034,9375000,5964.39990234375
1781098952.2913625,9400000,6726.2001953125
1781099011.8963766,9425000,6347.39990234375
1781099074.4432487,9450000,6028.39990234375
1781099137.7614574,9475000,7537.39990234375
1781099206.3731143,9500000,6548.0
1781099282.1464543,9525000,6002.7998046875
1781099360.3716295,9550000,5968.39990234375
1781099436.4414942,9575000,6268.60009765625
1781099519.5275261,9600000,5688.0
1781099604.557236,9625000,6373.2001953125
1781099671.3821783,9650000,6199.60009765625
1781099745.1084628,9675000,9144.599609375
1781099807.921675,9700000,5520.2001953125
1781099872.4939635,9725000,6592.60009765625
1781099938.9146276,9750000,4838.60009765625
1781099999.9814696,9775000,6434.7998046875
1781100070.6520433,9800000,5812.2001953125
1781100145.249178,9825000,6570.0
1781100223.171137,9850000,6076.39990234375
1781100304.9956026,9875000,6868.0
1781100375.6056,9900000,6344.7998046875
1781100448.3957732,9925000,6566.2001953125
1781100512.5049942,9950000,6782.60009765625
1781100576.7215402,9975000,6382.7998046875
1781100643.9130816,10000000,7007.39990234375
